Date,Mood,Tags (People),Tags (Places),Tags (Events),Exercise,Sleep,Menstrual,Steps,Meditation,Weather,Temperature (F),Water (cups),Caffeine (mg),Alcoholic Drinks,Notes,Reflections,Takeaways
2025 Wed Oct 8 7:19 PM,Sad,"Friends","Taipei","Talking (Conversations)","2.0","180",,"2517","0","clouds","83.46","0","0","0","felt justified in my stance, perhaps was too vulnerable// intrusive, and careless with probing. 

Didn't follow up the responses gracefully. 

- plan for the break
- prioritize work","[]","[]"
2025 Wed Oct 8 4:28 PM,Focused,"By Myself","Taipei","Minerva Work","2.0","180",,"2240","0","clouds","87.19","0","0","0","So much to learn! 

Data science. Coding, statistics, linAlg, and so much more!! 

Find resources - stick to a plan A to Z competency ready; make a project.","[]","[]"
2025 Wed Oct 8 9:38 AM,Ok,"Friends","Taipei","","0.0","0",,"0","0","clear sky","89.71","0","0","0","Validation from advisor","[]","[]"
2025 Tue Sep 30 6:16 PM,Disengaged,"","Taipei","","0.0","0",,"0","0","clouds","86.52","0","0","0","- workstudy,
-Capsrone 
- assignment

(And not making anything of NTU opportunities) 
-meanwhile dreading post grad/ finances and future.. 

Not paralyzed, but anxiety and not engaging nor willing to park those thoughts","[]","[]"
2025 Fri Sep 12 11:04 AM,Good,"","","","0.0","0",,"0","0","clouds","87.51","0","0","0","1st week of classes done.","[]","[]"
2025 Fri Sep 5 4:50 PM,Ok,"","","","0.0","0",,"0","0","clouds","87.46","0","0","0","Directed is the word","[]","[]"
2025 Sun Aug 31 3:57 PM,Apathetic;Copacetic,"","","","0.0","0",,"0","0","rain","85.84","0","0","0","Too humid. Jet lagged. 

Not ready for semester yet.","[]","[]"
2025 Thu Jul 31 11:39 PM,Cheerful,"Brownie","Travelingna;Doonghar","Reading","0.0","0",,"0","0","clouds","75.99","0","0","0",":)","[]","[]"
2025 Mon Jun 2 6:59 PM,Overjoyed;Grateful,"By Myself","Doonghar","AllSortaThinfs","5.0","480",,"1430","0","clouds","86.05","0","0","0","Wow-ed by the support people are showing to Brownie. 

Blessed and grateful for the birthday wishes. 

Note to allot time to people. Investing in relationships.  

Still a bit frozen (not paralyzed) by a hundred small things to do.. but overall happy to communicate and not avoid relatives and loved ones.. 

After Birendra sainik (boarding school) this is the first time I have ever felt special on my birthday.","[]","[]"
2025 Thu May 29 6:35 PM,Disheartened,"","","","0.0","0",,"0","0","clear sky","101.91","0","0","0","Pff","[]","[]"
2025 Tue May 27 9:14 AM,Mellow,"By Myself","Doonghar","","0.0","0",,"0","0","","","0","0","0","Lots of things to do do do. Baby shark do do do do.","[]","[]"
2025 Sat May 24 9:36 AM,Good,"","","","0.0","0",,"0","0","clouds","82.67","0","0","0","Hoping to get some outdior time.","[]","[]"
2025 Thu May 22 8:36 AM,Happy;Unmotivated,"","","","0.0","360",,"0","0","clear sky","76.57","0","0","0","Body aches from boxing.. really not in the space to cook elaborate meals like I used to (pun unintended)..  

Feeding the little child gives me joy, so does watching magical sunrises. Unfortunately my other endeavour have come to a halt. One step at a time.. pick it up 

(About time I give up on. Applying to more internships in the states and focus something in here)","[]","[]"
2025 Mon May 19 10:01 AM,Good,"By Myself","Doonghar","","0.0","0",,"0","0","clear sky","87.51","0","0","0","Reading books, applied to a job more.","[]","[]"
2025 Sun May 18 9:33 AM,Ok,"","","","0.0","0",,"0","0","clear sky","88.34","0","0","0","","[]","[]"
2025 Thu May 15 7:09 PM,Tranquil,"By Myself","Doonghar","","0.0","360",,"0","0","clear sky","104.22","0","0","0","...will blog about it","[]","[]"
2025 Sun May 11 12:24 AM,Disconnected,"","","","0.0","0",,"0","0","clouds","65.19","0","0","0","Idk what I am doing here","[]","[]"
2025 Fri Apr 25 2:07 PM,Balanced;Brooding,"","","","0.0","0",,"0","0","clouds","63.82","0","0","0","Finals,
But no final plans.


Proud that I'm doing a lot, even stretching myself, dreaming big and applying to jobs-

Not hopeful to hear back. 
Not wanting to abandon home, her. 

Don't want to stay in the unknown.. but haven't been planning for cases either ... 

So, that's going to be expensive","[]","[]"
2025 Wed Apr 16 9:37 PM,Good,"Jiffy","The 4404","","10.0","450",,"29","0","clouds","61.88","0","0","0","Woke up not late. Exercised/stretch a bit. Last day of classes- strangely comfortable of the uncertainty ahead; I know I'll do my best (or close to it.) 
An empowering feeling.","[]","[]"
2025 Sun Mar 30 11:07 PM,Happy;Upbeat,"Jiffy","Outside;Travelingna","Fitness;Travelling","0.0","0",,"0","0","clouds","44.55","0","0","0","Good trip :)

Rejuvenated self + relationship 

Greater appreciation for her.","[]","[]"
2025 Mon Mar 17 11:07 AM,Annoyed;Restless,"","","","0.0","0",,"0","0","clouds","68.9","0","0","0","Can't fall asleep.. fycked up sleep routine","[]","[]"
2025 Sun Mar 16 7:11 AM,Enraged;Contemplative,"Jiffy","The 4404","Doomscrolling/screens S","0.0","0",,"0","0","clouds","69.19","0","0","0","Journaling..","[]","[]"
2025 Sun Mar 16 12:44 AM,Discouraged;Annoyed,"","","","0.0","0",,"0","0","clouds","73.33","0","0","0","Self sabotage","[]","[]"
2025 Fri Mar 14 10:33 PM,Peeved,"","","","0.0","0",,"0","0","clouds","68.22","0","0","0","Not ok, but don't know why","[]","[]"
2025 Mon Mar 10 4:53 AM,Glum;Disengaged,"","","","0.0","0",,"0","0","clear sky","70.21","0","0","0","Lack of consistent capstone or internship works. 

Another weekend passes 

Room and fridge is disgusting,

So has been my sleeping habit and eating habits 

Been avoiding spending time on things I promise I will do, or things that I used to enjoy.. (what phase is this?) reduced outing, activities that bring joy.. and talking to my humans.. 

So much physical contact/ extreme none. 

Work hasn't been happening
Choking with deadlines- both real and imagined. ","[]","[]"
2025 Sat Mar 8 3:36 AM,Mellow,"","","Minerva Work","0.0","0",,"0","0","clouds","92.21","0","0","0","","[]","[]"
2025 Thu Mar 6 6:03 AM,Motivated,"","","","0.0","0",,"0","0","clear sky","86.86","0","0","0","","[]","[]"
2025 Sat Feb 22 2:33 AM,Peeved,"","","","0.0","0",,"0","0","clouds","92.44","0","0","0","","[]","[]"
2025 Mon Feb 17 8:56 PM,Loved;Loving,"Jiffy","Ghar","","0.0","0",,"0","0","clear sky","75.99","0","0","0","Peaceful","[]","[]"
2025 Sat Feb 15 10:02 AM,Lost;Forlorn,"","","","0.0","0",,"0","0","clouds","72.05","0","0","0","That post-adrenaline clarity when the brain fog caused by the daily bustles and instant gratification dissipates away, unfortunately, by an intense wake up call. 

Ironically, a sense of self/(the ego) is strong enough and well spirited to believe that 

IT'S GOING TO BE OKAY.","[]","[]"
2025 Tue Feb 11 12:32 AM,Hyper,"","","","0.0","0",,"0","0","clear sky","95.63","0","0","0","","[]","[]"
2025 Mon Feb 10 1:08 AM,Discouraged;Disengaged,"By Myself","The 4404","Doomscrolling/screens S","0.0","0",,"0","0","clouds","81.68","0","0","0","Mehhh, another weekend gone","[]","[]"
2025 Wed Feb 5 11:47 PM,Meh;Ok,"By Myself","","","0.0","637",,"0","0","rain","71.6","0","0","0","That realization of being a grown up individual, also characterized by a loss of childishness, overzealousness, and unconditional optimism.","[]","[]"
2025 Mon Feb 3 11:08 PM,Upbeat;Joyful,"Jiffy","The 4404","Waking Up","0.0","0",,"0","0","","","0","0","0","","[]","[]"
2025 Sat Jan 25 8:53 PM,Jittery,"","","","0.0","0",,"0","0","clear sky","78.96","0","0","0","","[]","[]"
2025 Fri Jan 17 10:58 AM,Ok,"","","","0.0","0",,"0","0","","","0","0","0","Embrace boredom and overwhelmingness, 
Not knowing what to do. 

Let it marinate, give things a bit of time. 

Be cognizant and be effortful/intentional. Things will fall in place.","[]","[]"
2025 Wed Jan 15 8:01 PM,Apathetic,"By Myself","Homefs","Waking Up","0.0","360",,"0","0","clear sky","77.79","0","0","0","long night yesterday; 
Completed SFI application, 
woke up multiple times- so it didn't make a lot of sense to wake up at the time I did. 

Don't want to go to the gym or do anything today.","[]","[]"
2025 Sun Jan 12 1:04 PM,Irate,"By Myself;Jiffy","Homefs","Resting;Doomscrolling/screens S","0.0","0",,"0","0","clear sky","72.0","0","0","0","Post ""dinner"", started watching 14 Peaks -- had planned on working on CS130 prep, ended up with the next TWO HOURS (perhaps more) watching -- at times not. Also, the watching was supposed to be for the duration of eating.

A straight consistent commitment to something spontaneous such as watching a documentary that was not planned and was substituting other intentions, and getting swayed by the instant gratifications only to shy away from the actual work -- feels like tendency to revert back to old habitual cycle of dopamine floods, laziness, blame searching. 

Getting sleepy afterwards did not help. Instead, locked myself in the bathroom for 10+ minutes, got woken up by the LED red lights. Angrily, unhappily, pushed for completing and compensating for the ""lost time"". 

Now it's 2am, and although brain processing speed has reduced by many folds, I am punishing myself, not budging unless I finish the prep. (25 more pages...) Can this be a journal and not a written piece for you four to critique and push your suggestions/opinions onto me? 

I know very well to have a digital detox, put the damn phone away, be stricter/more disciplined with the times and realistic too, watch out for distractions and laziness, prioritize studies first.","[]","[]"
2025 Sat Jan 11 8:53 AM,Exhausted,"Friends","Schoolzo;Outside","Hanging Out","0.0","0",,"0","0","clear sky","74.97","0","0","0","Journal prompt for later.","[]","[]"
2025 Sat Jan 11 12:43 AM,Alive,"By Myself;Jiffy","Homefs;Schoolzo","Eating;Hanging Out;Waking Up;Minerva Work","0.0","0",,"0","0","clouds","86.2","0","0","0","Elevation day,

Early breakfast, wakeup, cleaning room, shower. All little things just right.","[]","[]"
2025 Thu Jan 9 9:44 AM,Cheerful,"By Myself;Jiffy","Homefs;Outside","Hanging Out;Waking Up;Minerva Work","0.0","0",,"0","0","clear sky","74.68","0","0","0","Good day!","[]","[]"
2025 Wed Jan 8 5:31 AM,Excited,"By Myself","Homefs;Outside","Walking, strolls And Runs;Minerva Work;Waiting","0.0","0",,"0","0","clear sky","79.41","0","0","0","Woke up early.
Caught Bubi in transit (almost flying!!)
Datacamp 
Cleaning
Cooking
Welcoming, 
Bubi comes.","[]","[]"
2025 Tue Jan 7 5:31 AM,Good,"By Myself","","","0.0","0",,"0","0","clear sky","79.41","0","0","0","An uneventful day by myself.","[]","[]"
2025 Sun Jan 5 7:21 PM,Disengaged,"By Myself","Homefs","Waking Up","0.0","0",,"0","0","","","0","0","0","Naps and sleep","[]","[]"
2025 Sat Jan 4 10:38 PM,Upbeat,"Friends","Outside;Travelingna","Hanging Out;Travelling","0.0","540",,"2298","0","clear sky","84.2","0","0","0","Finally doing a day trip to Tigre. 

On the move, non awkward interactions, music in train, kids speaking Spanish.","[]","[]"
2025 Fri Jan 3 1:08 PM,Restless,"By Myself","","","0.0","0",,"0","0","clear sky","68.09","0","0","0","","[]","[]"
2025 Fri Jan 3 7:18 AM,Overwhelmed;Tense,"By Myself;Jiffy","Homefs","Talking (Conversations);Waking Up;Napping;Waiting","0.0","300",,"398","0","clear sky","77.95","0","0","0","","[]","[]"
2025 Wed Jan 1 11:25 PM,Meh,"By Myself","Homefs","Napping","0.0","0",,"0","0","clouds","69.26","0","0","0","New year. Didn't do much nothing at all.","[]","[]"
2025 Wed Jan 1 4:07 AM,Alive;Accomplished,"By Myself;Friends;Jiffy","Homefs","Resting;Talking (Conversations);Cleaning","0.0","0",,"0","0","clouds","76.1","0","0","0","Going out of this skyscraper feels like a Herculean task from the bed. And an accomplishment the minute i step outside, in the sun. 

Sometimes the display glasses of the stores reflect my being. Sometimes I am happy with the way I dress. Sometimes I am happy with the way the world is- noisy, busy, or lack thereofs. Sometimes I'm pleased with my interactions with people. Today everything was done. 

Ah, grateful to the army of veronikas who cleaned the room. And fridge. I'm excited to make a home with my human. 

I sense a big of growth in my communication today. Albeit temporary, I avoided conflicts and let jiffy know that the conversation is so much more worthy than my mood tantrums. I let myself know that. So much love (and waiting!) I just wish I was more verbal and comfortable demanding/asking for things I really want and expect. 

Oh on that note, Girlfriend ji ordered food today!! So good, all the way from Europe to my tummy. That's incredible. So grateful. 

I also wrote an email. Talked to an old friend. Made pasta. Planned hangout tomorrow. Everything took longer than expected, but everything a bullet points in the list of things I'm proud and happy of doing today.","[{""role"":""assistant"",""text"":""It's inspiring to hear about your sense of accomplishment and growth in communication. What do you think contributed to this sense of progress and fulfillment today?""},{""role"":""user"",""text"":""Girlfriend ji ""},{""role"":""assistant"",""text"":""It sounds like Girlfriend Ji played a significant role in your day. How did her presence and actions influence your feelings and experiences? ""},{""role"":""user"",""text"":""priority, time for me \n\nexpression of love gives assurance \n\nnearly conflicts somehow turned to seamless calls all over again ""},{""role"":""assistant"",""text"":""It's intriguing that expressions of love and reassurance played such an important role in navigating potential conflicts. How did these loving interactions impact your sense of priority and time for yourself? ""}]","[{""text"":""\""I embrace the love and connection that brings me assurance.\""\n\n\""I honor my priorities and create space for my needs.\"""",""contentType"":""affirmation""}]"
2024 Tue Dec 31 9:58 AM,Cheerful,"By Myself","Homefs","Cleaning","0.0","0",,"0","0","clear sky","72.63","0","0","0","Decluttering, reorganizing and planning room for next sem 

God I hate cleaning after people.","[]","[]"
2024 Mon Dec 30 7:39 AM,Excited,"By Myself","Outside","Hanging Out;Walking, strolls And Runs;Talking (Conversations)","0.0","240",,"9824","0","clear sky","72.27","0","0","0","Took myself on a date. 

Finally went out. Sunny weather. Good park. People watching.

Excited to have this sacred secret place next semester. Possibly share with closest of people. 

And go on dates next sem ","[]","[]"
2024 Sun Dec 29 5:52 PM,Optimistic,"By Myself","Homefs","Waking Up","0.0","240",,"0","0","clouds","65.93","0","0","0","","[]","[]"
2024 Sun Dec 29 9:47 AM,Glum;Ok,"By Myself","Homefs","Resting;Talking (Conversations);Doomscrolling/screens S;Reading","41.0","540",,"2551","0","clouds","68.13","0","0","0","The rut of holidays and breaks,

Procrastinating projects?

Ideas, but no motivation/execution.

Barely getting out of bed.

Exercise and cooking are the big wins. 

Being on call with people feels anxious, but also has been the most loving, nurturing, empowering experience. 

Have begun a dislike for myself, which is contagious and beginning to dislike people. 

Change this narrative; radical acceptance and change actions. 

How to be vocal of my needs and expectations? Without the fear of conflict or being the bad guy? Be at ease with my decisions and boundaries.","[]","[]"
2024 Sat Dec 28 6:34 AM,Exhausted;Concerned,"","","","10.0","494",,"1776","0","clouds","75.04","0","0","0","Xyz","[]","[]"
2024 Sat Dec 28 12:33 AM,Good,"By Myself","Homefs;Outside","Shower","0.0","374",,"1728","0","clear sky","80.49","0","0","0","At least the win for today is getting out of the bed. 

Moving and showering helped. Hungry now.

Before shower, the impulse was to order a burger. Now my body craves good ol plain chawal and daal.","[]","[]"
2024 Thu Dec 26 6:50 PM,Forlorn;Adoring,"By Myself","Homefs","Waking Up;Waiting","0.0","420",,"0","0","clouds","65.17","0","0","0","time is passing me by, the break slipping in between the fingers, 

Morning ghazals, grateful for the sun","[]","[]"
2024 Thu Dec 26 10:18 AM,Grateful;Afraid,"By Myself","Homefs","Resting","39.0","540",,"2400","0","clouds","65.17","0","0","0","Resting (although I am doing a poor job at it) 

Had Christmas dinner with friends. Beautiful to have a community and a larger Dunbar's number. 

Resting, unhappy uncomfortable scenarios okay out in my head and I am surprisingly giving them a lot of imaginative every. I can't seem to stop it. 

Oh also saw a falling star.","[]","[]"
2024 Thu Dec 26 1:06 AM,Meh,"By Myself","Homefs","Napping","0.0","540",,"100","0","clouds","67.3","0","0","0","I hate days that make my fingers cold. I dislike the days I oversleep and under-locomote. 

Why'd it take me these many hours to get the stupid AC off? 
Probably hangry. I'm waiting to get out of the bed

Hoping this isn't the dipping point of every Minerva break.","[]","[]"
2024 Wed Dec 25 10:50 PM,Joyful,"By Myself","Homefs","Talking (Conversations);Waking Up","0.0","420",,"0","0","clouds","67.3","0","0","0","Early morning calls ,

Calls with bhunti dada reminded me of how much I crave connection and warmth from the extended family, how much they care, how lot I care. 

In high spirits, low temperature and slow morning. Happy nevertheless.","[]","[]"
2024 Wed Dec 25 2:15 AM,Irritated;Anxious,"By Myself;Friends","Schoolzo;Outside","Hanging Out;Minerva Work","0.0","360",,"1372","0","clouds","78.78","0","0","0","It's again the little expectations -- the scripts that run in my head (I am the author; but there are other actors too!)

And when they (people who are not me and don't have the script) do not follow the script-- the movie called ""Today, I feel ____"" is spoiled.

People, magical as they are, aren't mind readers.

Staring at a black screen, missed opportunities and teasing apart misspoken conversations and miscommunication","[]","[]"
2024 Wed Dec 25 12:22 AM,Pleased,"By Myself;Family;Jiffy;Brownie","Homefs","Eating;Talking (Conversations);Cooking","0.0","360",,"1372","0","clouds","78.78","0","0","0","Good morning;

Have been having good conversations over the phone (surprising given the bandwidth of an audio call; unsurprising given the beauty of the people I'm talking to). 

Was lazy- contemplated ordering food -- ended up making pasta. Turned out to be the ðŸ¤Œ worthy pasta. 

Proud of such small wins in life.","[]","[]"
2024 Tue Dec 24 10:01 AM,Chill,"By Myself","Homefs","Eating;Resting","0.0","540",,"4190","0","clear sky","78.51","0","0","0","Mainly decluttering, 
Went out w couple of friends, jeevan.

Extended gallery decluttering. 
Food cooked lazily -- still didn't spend on eat out or ordering","[]","[]"
2024 Tue Dec 24 12:04 AM,Content,"By Myself","Schoolzo","Hanging Out","0.0","540",,"383","0","clouds","82.44","0","0","0","Communal lunch; the SLT is nice. 

People bring friends over and families. It's time for holidays. 

Interestingly, I feel the need to feel-- connectedness. (I don't). 

Things are just okay.","[]","[]"
2024 Mon Dec 23 5:25 PM,Engaged;Thrilled,"By Myself","Homefs","Reading","0.0","360",,"0","0","clear sky","67.06","0","0","0","In a (gentle) shock that I don't have a ""reading"" tag. 

Woke up before the sun today; thank goodness for the early night I chose to have yesterday -- even if it meant to abandon the movie night with friends. 

The morning sun rays are the warmest of joys. Hungry though as I am.  A warm start of the day also always makes me feel drowsy though, why?","[]","[]"
2024 Mon Dec 23 10:59 AM,Chill,"By Myself;Friends","Homefs","Resting","16.0","0",,"0","0","clear sky","71.6","0","0","0","Socialize aroush jeevan, pool books, slow day, good food. Sundays- everything closed","[]","[]"
2024 Sun Dec 22 10:10 AM,Confident;Optimistic,"By Myself;Friends","Homefs;Outside","Resting","15.0","420",,"1372","0","clouds","66.88","0","0","0","Good day, did what I felt like doing. Calm day, cooked instead of the impulse to order food. 
Had creative thoughts, optimistic thoughts, happy outlook on life and self, plans for the break and resolutions for living next semester.

Want to go to Patagonia, without breaking the bank. 

Felt connected through friends. And Instagram (rare occasion). Nice to have that support or the comfort feeling. 

Can attend social events;

But  (barely , with a headache?) withstand social drinking 

Also.. how do you not become a black hole of attention and jokes and the anxiety of/ desire to stand out..  be at ease.. it takes frequency to smoothen a walk out situation. 

Actually.. the little (norm like) interactions that stress you out? Totally avoidable. Here's the trick. Don't initiate them. Don't try something you wouldn't naturally. But, definitely be receptive! Faye comes in for a hug- do it. Dilan does- reciprocate!! Undral sits down on the couch - wave goodbye, no need to distribute hugs and formalities. Same with the goodbyes handshake. Got it? If people offer, take it with grace. No need to be a kid with basket on Halloween, dressed up in a costume, collecting candies door to door.","[]","[]"
2024 Sun Dec 22 12:00 AM,Curious,"By Myself","Homefs","Resting","0.0","300",,"0","0","clouds","68.38","0","0","0","Instead of going to YouTube, I bored myself. Lying next to the phone and laptop but picking up neither. Just staring at the ceiling and noticing any discomfort in my body-- before it gets unnecessarily ""meditational"", I just realized I haven't exercised in a long while. Time to rekindle gym going. 

Also, so many simple solutions to little incomveniences (such as the lighting in my flat) came to me.. and ideas for the break. 

Boredom is fun! I'll do it again :)","[]","[]"
2024 Sat Dec 21 11:31 AM,Motivated;Tired,"By Myself","Homefs","Minerva Work","0.0","0",,"0","0","clear sky","65.7","0","0","0","Semester done. Want to prep for next","[]","[]"
2024 Sat Dec 21 10:25 AM,Stressed,"By Myself","Homefs;Schoolzo","Minerva Work","0.0","0",,"0","0","clear sky","65.7","0","0","0","FINALS! Multitasking barely made it. 

Really shittty submissions; why do I procrastinate on such fun assignments? So much to learn, so much to enjoy.. 

Resolution for next semester? 

Now that it's over, how do I begin again? Strong? Sincere?","[]","[]"
2024 Thu Dec 19 10:53 AM,Apathetic,"By Myself;Jiffy","Homefs;Schoolzo","Minerva Work","0.0","0",,"0","0","clear sky","75.29","0","0","0","Can't seem to bring myself up to care","[]","[]"
2024 Tue Dec 17 9:13 PM,Alive,"By Myself;Family","Homefs","Waking Up","0.0","420",,"0","0","clear sky","73.56","0","0","0","Taking care of loved ones is equally fulfilling as being taken care by them. 

End of semester, checkouts underway (everyone's circulating missing cutleries across rooms ðŸ«£ðŸ¤£), finals turning in, course surveys, gratitude to profs, planning next semester,

Apply to internships, learn Python (OOP) and R, get books to read, learn Spanish.","[]","[]"
2024 Tue Dec 17 12:06 PM,Chill,"By Myself","Homefs","Minerva Work","0.0","0",,"0","0","clouds","68.02","0","0","0","Made some todos.","[]","[]"
2024 Tue Dec 17 5:07 AM,Supported,"By Myself;Friends;Jiffy","Homefs;Schoolzo;Outside","Minerva Work","0.0","0",,"0","0","clouds","68.02","0","0","0","Finals are coming along","[]","[]"
2024 Sun Dec 15 8:24 PM,Connected,"Jiffy","Outside","Waking Up","0.0","0",,"0","0","clouds","64.53","0","0","0","Waking up with hugs.","[]","[]"
2024 Sat Dec 14 8:25 PM,Annoyed,"By Myself","Schoolzo","Minerva Work","0.0","0",,"0","0","clouds","64.53","0","0","0","Procrastination. No more.

Assignments are so much fun when you do them in advance","[]","[]"
2024 Sat Dec 14 10:56 AM,Secure,"Jiffy","","","0.0","0",,"0","0","clear sky","69.08","0","0","0","","[]","[]"
2024 Thu Dec 12 10:38 AM,Burned Out,"By Myself","Homefs;Schoolzo","Minerva Work","0.0","0",,"0","0","clear sky","75.24","0","0","0","Sooo many assignments!!

Just do them well :)","[]","[]"
2024 Tue Dec 10 11:21 PM,Good,"","","","0.0","0",,"0","0","clear sky","79.23","0","0","0",".","[]","[]"
2024 Mon Dec 9 9:57 PM,Fatigued,"By Myself","Homefs","Waking Up","0.0","0",,"0","0","clouds","69.17","0","0","0","So many deadlines accumulated","[]","[]"
2024 Sun Dec 8 5:26 AM,Elated,"Friends;Jiffy","Outside","Fitness;Hobbies;Minerva Work","0.0","0",,"0","0","clouds","64.53","0","0","0","Sports dayyyy! Yay.

Volleyball, so proud of giffy","[]","[]"
2024 Fri Dec 6 11:10 PM,Irritated,"Friends;Jiffy","Schoolzo;Outside","Hanging Out;Waiting","0.0","0",,"0","0","clouds","76.17","0","0","0","Continuum.","[]","[]"
2024 Fri Dec 6 10:43 AM,Peeved,"Jiffy","Outside","Hanging Out","0.0","0",,"0","0","","","0","0","0","Cannot sleep the day away.

Fucking group meetings and assignments,

Internship aren't gonna apply themselves.","[]","[]"
2024 Thu Dec 5 10:51 PM,Disengaged,"By Myself","Homefs;Outside","Hanging Out;Fitness;Minerva Work","0.0","0",,"0","0","clear sky","82.29","0","0","0","Blyeghh. (Time is passing me by).

I don't want to journal, I don't want to keep my head at something with the realization of ""wasting time"" and I don't feel like I'm going to enjoy doing the actual work.","[]","[]"
2024 Thu Dec 5 9:34 AM,Vulnerable,"By Myself;Jiffy","Outside","Hanging Out;Minerva Work","30.0","8",,"0","0","clear sky","71.98","0","0","0","""have nothing to say"", says a lot?","[]","[]"
2024 Thu Dec 5 6:20 AM,Concerned,"Jiffy","Homefs","Minerva Work","30.0","8",,"0","0","clear sky","79.05","0","0","0","The silence is not as dreadful as the lack of (willingness to) communication is.","[]","[]"
2024 Thu Dec 5 3:04 AM,Focused,"By Myself","Outside;Gym","Fitness;Minerva Work;Shower","30.0","8",,"0","0","clear sky","79.05","0","0","0","Ran 3km, after a mindbreak, shower
Felt good, did some work. Continue to do some work


Very incremental, slow progress on academics. 
Unbothered by the tension currently","[]","[]"
2024 Tue Dec 3 11:48 AM,Pleased,"Jiffy","Outside","Eating;Hanging Out;Minerva Work","0.0","0",,"0","0","clear sky","55.54","0","0","0","Monday, took classes, spend a day, napped,

Girlfiji, arcane, cooking, loving, cuddly, good day","[]","[]"
2024 Tue Dec 3 12:46 AM,Happy,"Jiffy","Outside","Hanging Out","0.0","0",,"0","0","clear sky","55.54","0","0","0","Classes, naps, wakeups,
Little talks, sleeps, sorries and sayings,
Acknowledging, changing behaviors and moods,
Accepting, food, doing work.","[]","[]"
2024 Mon Dec 2 7:02 AM,Sensual,"Jiffy","Outside","Hanging Out","14.0","0",,"6706","0","clear sky","55.54","0","0","0","Good chess and talk","[]","[]"
2024 Sun Dec 1 11:12 PM,Jittery;Apathetic,"By Myself;Jiffy","Work;Homefs;Schoolzo;Outside;Gym","","14.0","0",,"6706","0","clouds","65.05","0","0","0","Did not sleep.

Stupid Ian and his Dilan plans. 

Fucking classes start tomorrow. I just want to die.","[]","[]"
2024 Sun Dec 1 12:47 AM,Focused,"By Myself","Schoolzo;Outside","Minerva Work","0.0","510",,"1205","0","clouds","73.96","0","0","0","R- is fun! 

Get help, but don't short circuit your learning!!","[]","[]"
2024 Sat Nov 30 7:15 PM,Motivated,"By Myself;Family","Homefs","Talking (Conversations);Waking Up","0.0","510",,"10","0","clear sky","69.06","0","0","0","Let get the rut out","[]","[]"
2024 Sat Nov 30 10:19 AM,Confused,"By Myself;Jiffy","Homefs","Eating;Talking (Conversations);Cooking","0.0","540",,"12007","0","clear sky","69.06","0","0","0","Calls, more the texts are annoying. 

Good thing not creating more drama  and taking care of dinner nevertheless. Go sleep","[]","[]"
2024 Sat Nov 30 5:36 AM,Insecure;Included,"Friends","Outside","Hanging Out;Walking, strolls And Runs","0.0","540",,"8284","0","clear sky","79.2","0","0","0","Conflicts, arguments, over the phone. 

Hanging out with other people -- Anne and Carls x2, 
 
Boating, birding.","[]","[]"
2024 Sat Nov 30 12:06 AM,Frustrated,"By Myself","Homefs","Waking Up","0.0","540",,"0","0","clear sky","77.45","0","0","0","Just me

Own up, accountability. No work done. (Break's almost over. Multiple deadlines and decisions incoming- be prepared to surf the wave)

Looking for something or someone to blame?","[]","[]"
2024 Fri Nov 29 11:52 AM,Upset,"By Myself;Jiffy","Homefs","Hanging Out;Resting;Minerva Work","0.0","0",,"0","0","clouds","72.84","0","0","0","Didn't get to the assignments/ 

Corn,
Ian and rumors,
Rooming situation,
Plans 
Disappointments","[]","[]"
2024 Fri Nov 29 9:35 AM,Adoring,"By Myself;Jiffy","Homefs","Eating;Talking (Conversations);Cooking","25.0","300",,"1951","0","clear sky","72.32","0","0","0","Chicken (no anger)

Food good.. and talk..","[]","[]"
2024 Fri Nov 29 4:52 AM,Disengaged;Lovesick,"By Myself;Co-Workers","Homefs","Minerva Work","25.0","300",,"1276","0","clear sky","78.66","0","0","0","Chatting, more chatting, more love.

But no work done","[]","[]"
2024 Fri Nov 29 12:48 AM,Happy,"By Myself;Jiffy","Homefs","Eating;Fitness;Shower","25.0","300",,"773","0","clouds","76.71","0","0","0","Talked a while, 
Gym was fun- short session,
Groomed a bit (still have to lean to do facial hair)
Made breakfast with what I had,

Excited to play volleyball later
Still work to do!","[]","[]"
2024 Thu Nov 28 8:30 PM,Alive,"By Myself","Homefs","Waking Up","0.0","300",,"105","0","clouds","72.3","0","0","0","Break is almost over.

Overcame the fear of speaking my mind

Blogging (in progress). 

Really excited for movement and exercise 

And love it when i make my own food","[]","[]"
2024 Thu Nov 28 12:20 PM,Ecstatic,"By Myself;Jiffy","Homefs","Hanging Out;Talking (Conversations)","0.0","600",,"61","0","clear sky","63.46","0","0","0","texting giffy, 
Honesty,

Called mama,
Cried a little but no drama,

Good work on physique. 
Take care 
Do work, be sincere and gentle. 

No games 

Take a nap
Make some food","[]","[]"
2024 Thu Nov 28 1:25 AM,Discouraged,"By Myself","Homefs","Waking Up;Doomscrolling/screens S","0.0","540",,"287","0","","","0","0","0","Bad sleep, bummed by the recent changes,
Uncertainty (ONCE again!!!)- it's not even plan B now, 

And missing my humans, 
Haven't moved out of bed or had breakfast (it's 2pm),

Let's drag meself to gym even for 15 minutes","[]","[]"
2024 Wed Nov 27 11:18 PM,At Ease,"By Myself","Homefs","Fitness","0.0","540",,"287","0","clear sky","63.46","0","0","0","Yes, change of place helped. Overly conscious of people in the gym.","[]","[]"
2024 Tue Nov 26 11:24 PM,Accomplished,"By Myself","Homefs;Gym","Fitness;Walking, strolls And Runs;Shower","40.0","360",,"373","0","clouds","74.14","0","0","0","6 hours of sleep (yay, better!) 
Woke up by the housekeeping,
Had a very friendly chat with Vanessa the lady,
Vanessa wears croos,
Vanessa doesn't speak English,
Helped the couple at 4405 with translation,
Had a good chat with Ian, the roomie,
Went to the gym instead of back to bed, 
(It rained)
Gooood hot shower. 

Planning to go volleyball later.
Will get work done today! Ayy","[]","[]"
2024 Tue Nov 26 10:39 AM,Chill,"By Myself;Family","Homefs;Outside","Hobbies;Resting;Cooking","0.0","420",,"5153","0","clouds","71.15","0","0","0","Volleyball! 

Daal makhani, leftovers noodles,
Brekkie with roomie tomorrow,
Minerva work to do more!

(R, and Data An), 
Exit plan for BA.

What am I doing this break?","[]","[]"
2024 Tue Nov 26 5:16 AM,Included,"Friends","Outside","Hanging Out","0.0","240",,"698","0","","","0","0","0","Volley, let's volley","[]","[]"
2024 Tue Nov 26 1:06 AM,Down;Blessed,"By Myself;Family","Homefs","Talking (Conversations);Waking Up","0.0","240",,"362","0","clouds","79.03","0","0","0","Something's up today. Sleep's been weird; talked with besties (popsy, butter) in length- but something about that made me sad, travel plans and expenditures, papa said to go travel new place than visit Bulgaria (made me sad), called them back (only they were busy with moving, got sadder), haven't gone to gym today, had breakfast, slow work doing, fatigue from talking.. something feels off.

Heavily dependent on music to uplift.","[]","[]"
2024 Mon Nov 25 6:16 AM,Relaxed,"By Myself","Homefs","Napping","0.0","259",,"2535","0","rain","82.74","0","0","0","Swam, napped, let's go work !","[]","[]"
2024 Sun Nov 24 8:12 PM,Delighted,"By Myself","Homefs","Waking Up","0.0","259",,"712","0","clear sky","73.8","0","0","0","Not the most of sleep, but happy to hear back from giffy. 

Let's get more things done today :)","[]","[]"
2024 Sun Nov 24 6:47 AM,Calm,"By Myself","Homefs","Eating;Napping;Minerva Work","0.0","240",,"5808","0","clear sky","73.8","0","0","0","Slow day, two naps, lots of doomscrolling, resume making, grocery+fruits, cooking soon, feeling appreciative of people around!

Break begins! ","[]","[]"
2024 Fri Nov 22 6:53 PM,Peaceful,"Jiffy","Outside","Waking Up","0.0","390",,"0","0","clouds","66.85","0","0","0","Weekend break starts. Slow work. Slow life. Slow love.","[]","[]"
2024 Fri Nov 22 3:54 AM,Loved,"Jiffy","Outside","Hanging Out","0.0","540",,"0","0","clouds","66.85","0","0","0","Gooood day","[]","[]"
2024 Wed Nov 20 7:38 PM,Loved,"Jiffy","Outside","Waking Up","0.0","480",,"0","0","clear sky","67.46","0","0","0","Just look at her while in her embrace","[]","[]"
2024 Wed Nov 20 9:40 AM,Loved;Ecstatic,"Jiffy","Outside","Hanging Out;Napping","35.0","406",,"2785","0","clear sky","67.46","0","0","0","Walk after the Therapy, pesto making, talky talky.","[]","[]"
2024 Wed Nov 20 5:31 AM,Anxious,"By Myself","Outside","","35.0","406",,"2785","0","rain","67.62","0","0","0","Anxious about the appointment","[]","[]"
2024 Wed Nov 20 12:09 AM,Chill,"By Myself","Homefs","Fitness;Resting;Minerva Work","0.0","406",,"0","0","clouds","69.94","0","0","0","","[]","[]"
2024 Tue Nov 19 8:48 PM,Disengaged,"By Myself","Homefs","Waking Up;Minerva Work","0.0","406",,"0","0","clear sky","66.34","0","0","0","I don't want to check in","[]","[]"
2024 Tue Nov 19 9:49 AM,Apathetic,"Jiffy","Homefs","Hanging Out;Cooking","5.0","435",,"4699","0","clouds","63.64","0","0","0","""are you going to tell me, or are you going to wait until I do it wrong?""

""You can be a smartass about it and not answer my questions"".

""I got mad because I don't like being unproductive, and we weren't doing anything.""","[]","[]"
2024 Sun Nov 17 9:56 PM,Thoughtful,"By Myself;Jiffy","Homefs","Fitness;Waking Up","0.0","480",,"60","0","clouds","63.97","0","0","0","Waking up to rain and cool,
Exercise,
Tea,
Work!","[]","[]"
2024 Sun Nov 17 12:29 PM,Blissful,"Jiffy","Homefs;Outside","Eating;Hanging Out","0.0","0",,"34","0","clear sky","72.12","0","0","0","We talked about Martin. 
We cooked. 
We went grocery shopping.
We made food and dal makhani. 
We ate on the balcony. 
We snacked on the cake as we cooked. 
We were there for each other when we wanted. 
We were an examplary duo 
We are feeling things on the same page mostly 
We are both grateful today","[]","[]"
2024 Sun Nov 17 4:54 AM,Connected,"Jiffy","Outside","Minerva Work","41.0","480",,"2333","0","clouds","86.65","0","0","0","Work, coffee, magic! 

Dinner, prep, love, ambitions.","[]","[]"
2024 Sun Nov 17 12:53 AM,Valued,"Jiffy","Outside","Eating;Hanging Out","41.0","480",,"951","0","clouds","90.39","0","0","0","garlicky pancakes? 

The twin parado-enting.","[]","[]"
2024 Sat Nov 16 7:27 PM,Loved,"Jiffy","Homefs","Waking Up","0.0","480",,"26","0","clear sky","75.42","0","0","0","COMMUNICATE!","[]","[]"
2024 Sat Nov 16 9:32 AM,Disheartened,"Friends;Jiffy","Outside","Hanging Out;Napping","45.0","480",,"8895","0","clear sky","74.39","0","0","0","Can't have everything in life.","[]","[]"
2024 Fri Nov 15 5:30 AM,Safe,"Jiffy","Outside","Hanging Out","75.0","456",,"5204","0","clouds","81.88","0","0","0","Safe from my thoughts. 

Loving now. Just go hug and demand more, you'll get more.","[]","[]"
2024 Fri Nov 15 2:37 AM,Tense,"By Myself","Outside","Hanging Out;Minerva Work","75.0","456",,"4702","0","clouds","85.17","0","0","0","Got a haircut!! Friendsgiving's tomor! 

Let's get the work done :)) 
Breathe and groove. 

Little mad at communicating .. or lack thereof","[]","[]"
2024 Thu Nov 14 7:24 PM,Blessed,"Jiffy","Outside","Waking Up","0.0","456",,"0","0","","","0","0","0","Good sleep.","[]","[]"
2024 Thu Nov 14 11:20 AM,Loved,"Jiffy","Outside","Hanging Out","0.0","0",,"0","0","clouds","68.14","0","0","0","Honest conversation, just talk to human, trust that she loves you for who you are and take space","[]","[]"
2024 Wed Nov 13 9:21 PM,Ashamed,"By Myself;Co-Workers","Outside","Hanging Out;Waking Up;Minerva Work","0.0","300",,"329","0","clear sky","68.67","0","0","0","","[]","[]"
2024 Wed Nov 13 7:35 PM,Carefree,"By Myself","Homefs","Waking Up","0.0","300",,"150","0","clear sky","68.67","0","0","0","Good dreams haha. Good sleep too I'd say. 
Maybe it's about time I called Maa, brownie and Popsy.. 

I really need to fix my sleep and dinners though, feel a bit hungover.","[]","[]"
2024 Wed Nov 13 9:33 AM,Confused,"Jiffy","Outside","Hanging Out","0.0","480",,"7885","0","clouds","63.37","0","0","0","Shcndocnxks break or not.. can't kee","[]","[]"
2024 Wed Nov 13 4:45 AM,Ashamed,"By Myself;Jiffy","","Hanging Out;Minerva Work","0.0","480",,"7696","0","clear sky","74.79","0","0","0","Why the absolute silence? Have plan Bs, Cs, Zs. Or just communicate that you fuckin don't feel like talking. Or, act like whatever you are going through. What is this unfulfilled desire for attention grabbing without communication, but making everyone around yourself miserable","[]","[]"
2024 Tue Nov 12 10:35 PM,Good,"By Myself","Homefs","Waking Up;Minerva Work","0.0","480",,"0","0","clouds","66.47","0","0","0",":)","[]","[]"
2024 Tue Nov 12 5:41 AM,Relaxed,"By Myself","Homefs","Waking Up","0.0","660",,"110","0","clear sky","70.47","0","0","0","Okay nap","[]","[]"
2024 Tue Nov 12 2:57 AM,Jittery,"By Myself","Homefs","Waking Up;Minerva Work","0.0","540",,"110","0","clear sky","70.47","0","0","0","Feels like I didn't sleep today  ..
Just mad at the world- DON'T PLAY GAMES IN CLASS, FOCUSSSS! please","[]","[]"
2024 Mon Nov 11 8:10 PM,Disappointed,"By Myself","Homefs","Waking Up","0.0","0",,"0","0","clouds","60.67","0","0","0","Bro, haven't done the work!!","[]","[]"
2024 Mon Nov 11 6:13 AM,At Ease,"Jiffy","Schoolzo","Minerva Work","40.0","360",,"4106","0","clouds","71.71","0","0","0","Goood day!","[]","[]"
2024 Sun Nov 10 8:15 PM,Peaceful,"By Myself","Homefs","Waking Up","0.0","360",,"1877","0","clear sky","72.72","0","0","0","Yesterday was the Night of the Museums. 

Cooked dinner (yums!), but socializing later was tough initially. Got called out, not so gently afterwards by girlfriend ji. 

Proud that the conversation had potential to go south, but we talked it out and in less than 2-3 minutes I had a different energy. Room for improvment - acknowledge her feelings and observations, make that discussion time less than a minute, and ideally that conversation doesn't need to happen (if low on social battery - give your people a heads-up!) let them be in the known!

Got back home very late; waiting for the bus was such a tiring adventures (we must've missed like 6-8 buses). Ordered an Uber, which was expensive (thinking of last night alone- spending was a total around: 36000 ARS ballpark; of which I bore around 25000. (~ 25$). 

Came home tired, and pretty much slept immediately; waking up at 9 - have a LOT to do. But I'll go to the gym first and get a strong start of the day. I feel comfortable as is.  

Haven't showed up to many commitments; but good thing I'm making dinner with Jeevan.","[]","[]"
2024 Sun Nov 10 1:16 AM,Disengaged,"By Myself;Jiffy","Schoolzo","Minerva Work","0.0","420",,"985","0","clear sky","80.51","0","0","0","CP91 left at last moment is incredibly harrowing and stupid","[]","[]"
2024 Sat Nov 9 4:16 AM,Proud,"By Myself","Homefs","Minerva Work","50.0","480",,"985","0","clear sky","75.07","0","0","0","4 hours of mindfullness or lack thereof and have my resume submitted for review. 

Can now focus on getting more work done!! Feels good to set solutions in motion.","[]","[]"
2024 Sat Nov 9 12:02 AM,Motivated,"By Myself","Homefs","Minerva Work","50.0","480",,"831","0","clouds","66.38","0","0","0","Let's get the resume done, and work for next week.","[]","[]"
2024 Fri Nov 8 9:30 PM,Optimistic,"By Myself","Gym","Fitness","0.0","480",,"146","0","clouds","66.38","0","0","0","Fitness first, reset of mind and body. Get to work.","[]","[]"
2024 Fri Nov 8 8:13 PM,Delighted,"Family","Homefs","Talking (Conversations)","0.0","480",,"146","0","clouds","66.38","0","0","0","Video call with fam; 
Adididi, Jiju, Aniket (Mackie), Dada, Maa.","[]","[]"
2024 Fri Nov 8 7:51 PM,Disengaged;Apathetic,"Jiffy","Homefs","Waking Up;Minerva Work","0.0","480",,"0","0","clouds","65.5","0","0","0","Don't even want to journal.","[]","[]"
2024 Thu Nov 7 10:34 PM,Mellow,"","","Waking Up;Minerva Work","0.0","525",,"114","0","clouds","69.58","0","0","0","after what has been a draining few weeks, yesterday was the first night I slept. Feel well rested. It's a slow morning - and after submitting 2 major and 1 Minor assignments, it's time to get back to the workstudy commitments and internship goals, that were put on hold for a brief amount of time. 
It's 11. Thirty eight. I'm grading a new section of kids. It's a small reset of things in a much needed big reset of a lot of different things. I haven't had breakfast. I haven't worked out today. I want to do all those things. And more. All will happen in due time, I need to take one mellow step at a time.","[]","[]"
2024 Wed Nov 6 8:03 PM,Confident,"By Myself","Homefs","Waking Up","4.0","0",,"0","0","clouds","64.9","0","0","0","INVINCIBLE","[]","[]"
2024 Wed Nov 6 10:31 AM,Peaceful;Ambivalent,"By Myself;Jiffy","Outside","Minerva Work","0.0","407",,"4641","0","clear sky","66.07","0","0","0","Reframings. 
And, affect. 
expenditures- emotional, financial, energetic, time

Existential a bit, but grateful to be Alive.","[]","[]"
2024 Wed Nov 6 4:04 AM,Anxious,"By Myself;Jiffy","Outside","BLT","0.0","407",,"3928","0","clear sky","73.22","0","0","0","It's as big as my feelings and thoughts make it., anxious thoughts do creep in.","[]","[]"
2024 Tue Nov 5 7:20 PM,Down,"By Myself","Homefs","Waking Up","0.0","407",,"0","0","clouds","65.41","0","0","0","Just do your work. You know it's only going to be that much harder to be disciplined if you put evidence into the procrastinating bucket.","[]","[]"
2024 Tue Nov 5 9:50 AM,Peeved;Contempt,"By Myself;Jiffy","Outside","Minerva Work","0.0","270",,"2351","0","clouds","60.26","0","0","0","No more burgers please, and just get your own goddamn groceries. Also, take care of your assignments.","[]","[]"
2024 Mon Nov 4 11:37 PM,Pleased,"By Myself;Jiffy","Homefs;Outside","Minerva Work","0.0","270",,"387","0","rain","63.21","0","0","0","Good cs class, assignments looking doable","[]","[]"
2024 Mon Nov 4 8:21 PM,Motivated,"By Myself","Homefs","Minerva Work","0.0","270",,"68","0","clouds","72.45","0","0","0","To do Hadavands assignment, 

WRITE FIRST, EDIT LATER!","[]","[]"
2024 Mon Nov 4 7:06 PM,Tired,"By Myself","Homefs","Waking Up","0.0","270",,"0","0","clouds","71.33","0","0","0","No don't stay up late, you have work to do love","[]","[]"
2024 Mon Nov 4 10:01 AM,Confident,"By Myself","Homefs","Minerva Work","0.0","0",,"0","0","clouds","71.31","0","0","0","Have a plan for assignments, almost looking forward to Tuesday and Monday tomorrow.

The time spent on Concept map (learning Obsidian) was really cool. Time together with a mix of things was also really nice, and being able to talk is good too.","[]","[]"
2024 Mon Nov 4 7:16 AM,Elated;Cheerful,"Jiffy","Outside","Hanging Out;Resting;Talking (Conversations);Napping;Minerva Work","0.0","0",,"0","0","clouds","69.62","0","0","0","Concept Map,
Family photos, 
and Hugs and kisses","[]","[]"
2024 Mon Nov 4 4:23 AM,Successful,"Jiffy","Outside","Minerva Work","0.0","0",,"0","0","clouds","71.49","0","0","0","Being able to chat, and work finally. And make progress on the work.","[]","[]"
2024 Mon Nov 4 1:43 AM,Apathetic,"By Myself","Homefs","Minerva Work","0.0","0",,"0","0","clouds","72.48","0","0","0","Just a lot of work. And the guilt infringing on the willpower to actually do it.","[]","[]"
2024 Sun Nov 3 11:11 PM,Peeved,"By Myself","Homefs","Waking Up;Minerva Work","0.0","0",,"0","0","clouds","72.48","0","0","0","Noo, not procrastinating already. 

Step at a time, get the work done.","[]","[]"
2024 Sun Nov 3 9:45 AM,Embarrassed;Alienated,"Jiffy","Homefs","Hanging Out","15.0","365",,"1904","0","clouds","68.32","0","0","0","Good talk bad talk, food has been weird. Could not get a lot of work done. Also, not taking space. Was not fun being on the floor, or outside the balcony studying, or not cooking food. 

And the talk about needing space is a mystery of itself. And I still can't be able to talk to her. It's not looking good, the hopes are not high. 

Was sensual for a moment earlier. Idk where that is going to go. But keep in mind what you want versus what would be essential. It's just a lot of talk.","[]","[]"
2024 Sat Nov 2 9:34 AM,Frustrated;Anxious,"Friends","Outside","Hanging Out","0.0","336",,"7129","0","","","0","0","0","The dragonfly was the last straw. Socializing had it's ups and downs. Again, take a break, a breath, and be lame please. Straightforward and simple. No need to be funny or sarcastic every sentence you speak. Also, be with yourself and communicate with others.","[]","[]"
2024 Sat Nov 2 12:04 AM,Peeved,"By Myself;Friends;Jiffy","Schoolzo;Outside","Hanging Out","0.0","336",,"4356","0","","","0","0","0","SLEEP, SERIOUSLY! and get some work done.","[]","[]"
2024 Fri Nov 1 8:26 PM,Comfortable,"By Myself","Homefs","Waking Up","0.0","396",,"0","0","clouds","76.19","0","0","0","Oka sleep. Need shit done, but shit will be done","[]","[]"
2024 Fri Nov 1 8:39 AM,Down;Abandoned,"By Myself;Friends;Jiffy","Schoolzo;Outside","Hanging Out","32.0","180",,"9651","0","clear sky","72.27","0","0","0","The Bookmaking city experience. 
Change of plans while going 

Not enough sleep.  And non-specific social skills","[]","[]"
2024 Thu Oct 31 10:19 PM,Good,"By Myself","Homefs","Waking Up","0.0","0",,"0","0","clouds","71.91","0","0","0","Happy to have a weekend. Breakfast would be nice!","[]","[]"
2024 Thu Oct 31 3:42 PM,Loving;Adoring,"By Myself","Homefs","Minerva Work","0.0","0",,"0","0","clear sky","69.98","0","0","0","Looked through gallery- Seoul memories","[]","[]"
2024 Wed Oct 30 11:00 AM,Confident;Adoring,"By Myself","Homefs","Minerva Work","0.0","0",,"0","0","clear sky","72.34","0","0","0","Chat w Raphael, working and dinner + thinking about Bubii","[]","[]"
2024 Tue Oct 29 11:40 PM,Determined;Energized,"By Myself","Homefs","Minerva Work","0.0","0",,"0","0","clear sky","82.09","0","0","0","Breakfast is important, so is decent social communication, and just grt that work done :)","[]","[]"
2024 Tue Oct 29 2:04 AM,Calm,"By Myself","Homefs","Minerva Work","0.0","0",,"0","0","clear sky","81.66","0","0","0","Just move outside bed.","[]","[]"
2024 Mon Oct 28 10:05 AM,Good,"By Myself","Homefs","Resting","60.0","400",,"2814","0","clear sky","65.46","0","0","0","New week. Begins.","[]","[]"
2024 Mon Oct 28 8:03 AM,Spent,"By Myself","Homefs","Resting","60.0","400",,"2814","0","clouds","70.02","0","0","0","Bathtub.","[]","[]"
2024 Mon Oct 28 12:19 AM,Frustrated;Apprehensive,"By Myself;Jiffy","Homefs","Waking Up;Minerva Work","0.0","400",,"0","0","clear sky","72.7","0","0","0","Getting work done by myself.  And doomscrolling Instagram.

Cannot say no confidently.","[]","[]"
2024 Sun Oct 27 10:50 AM,Mellow;Apathetic,"By Myself","Homefs","Resting","0.0","325",,"1452","0","clear sky","64.4","0","0","0","No work done, sleep is less. 
Deadlines approaching","[]","[]"
2024 Wed Oct 23 1:26 AM,Forlorn,"Jiffy","Outside","Napping","0.0","0",,"0","0","clear sky","78.82","0","0","0","Lying next to a person, but feeling alone :)","[]","[]"
2024 Tue Oct 22 9:45 AM,Annoyed,"By Myself","Homefs","Minerva Work","0.0","0",,"0","0","clear sky","78.1","0","0","0","I feel not okay . Just go to sleep","[]","[]"
2024 Mon Oct 21 11:51 PM,Irritated,"By Myself;Jiffy","Outside","Waking Up;Minerva Work","0.0","0",,"0","0","clear sky","87.21","0","0","0","All nighter was never a good idea, however, not submitting the assignment, is in its own right another level of carelessness.  

No brainer solution; could have submitted the assignment and asked her to review.. 

Academics has taken a backseat. But let it rest. Things will have a tendency to return to normalcy","[]","[]"
2024 Sat Oct 19 9:15 PM,Worried,"By Myself","Homefs","Waking Up","0.0","0",,"0","0","clear sky","73.63","0","0","0","Let's get the problem fixed.","[]","[]"
2024 Sat Oct 19 5:22 AM,Tense,"By Myself","Homefs","Waking Up","0.0","0",,"0","0","clear sky","70.65","0","0","0","The whole situation, the whole internet research.


And a somber rethinking of things.","[]","[]"
2024 Fri Oct 18 9:00 PM,Irritated,"By Myself","Homefs","Waking Up","0.0","0",,"0","0","clear sky","73.4","0","0","0","missed a session for TA, late night, no work done. Deadlines approaching.","[]","[]"
2024 Sun Oct 13 10:27 AM,Satisfied,"Jiffy","Outside","Talking (Conversations)","0.0","0",,"0","0","rain","64.2","0","0","0","Had a talk.. p.. marriage.. San Francisco","[]","[]"
2024 Sun Oct 13 12:54 AM,Tense,"Co-Workers","Outside","Napping","0.0","0",,"0","0","rain","66.72","0","0","0","Why not coming going","[]","[]"
2024 Sat Oct 12 11:04 AM,Panicked,"By Myself;Jiffy","Outside","Talking (Conversations)","0.0","0",,"0","0","clear sky","66.45","0","0","0","I just want this to end. Pretty please. Something in me is going to give away and i will ne","[]","[]"
2024 Sat Oct 12 4:45 AM,Sad,"Jiffy","Outside","Minerva Work","0.0","0",,"0","0","clear sky","82.0","0","0","0","How the day went, annoyed. 
Stressed about things, could not communicate. 
Haven't been out.","[]","[]"
2024 Fri Oct 11 7:26 PM,Tense,"By Myself","Homefs","Waking Up","0.0","0",,"0","0","clouds","60.73","0","0","0","Assignment not going well; don't know what to do. And the break. Doesn't feel like ready for break","[]","[]"
2024 Wed Oct 9 9:44 AM,Down,"By Myself","Homefs","Minerva Work","0.0","0",,"0","0","clouds","57.13","0","0","0","Not my day. Hungry and not my day.","[]","[]"
2024 Wed Oct 9 8:09 AM,Disheartened,"By Myself","Homefs","Minerva Work","0.0","0",,"0","0","clouds","56.77","0","0","0","somehow doing the Econ prep by myself was a bad idea.","[]","[]"
2024 Tue Oct 8 11:29 PM,Disengaged,"By Myself","Homefs","Minerva Work","0.0","0",,"0","0","clouds","69.08","0","0","0","Morning continues. Civic project is giving me too much of unnecessary anxiety. Spotlight effect","[]","[]"
2024 Tue Oct 8 6:47 PM,Apathetic,"By Myself","Homefs","Waking Up","0.0","0",,"0","0","clear sky","59.27","0","0","0","Trickle down from yesterday. Shame for not doing the work/ waking up late and lazy.","[]","[]"
2024 Tue Oct 8 11:56 AM,Vulnerable;Sullen,"By Myself;Jiffy","Homefs","Eating","0.0","0",,"0","0","clouds","61.07","0","0","0","Something about the (under)tone in the communication once bubi was up here. 

""I didn't ask for help."" - for CP practicum slides was an encounter I don't think went gently and then the food followed with cold silence. Then, I took a lot of time to freshen yand do the dishes realizing that I had already built up anger and argument - neither of which I want to unleash. So I come back to do my work, and she ruffles my back, but without response.  I guess she prefers to go back sleep and I don't stop her. 

With that, I still feel a huge amount of discomfort and the unfair expectation that my partner is supposed to not make me feel that way- translates into anger. But remember there's no supposed to be.","[]","[]"
2024 Tue Oct 8 9:33 AM,Forlorn,"By Myself","Homefs","Minerva Work","0.0","435",,"1398","0","clouds","62.44","0","0","0","Something about the word, I don't know what- spoke to me. 

If I am interpreting and feeling this correctly, It is a bit unjust of how much say I have in terms of expressing hurt or not. 

Two things- if things are talked about in the moment- if I engage, it quickly is perceived as an argument that you want to avoid or exit. 

If I choose to postpone it and talk about in the future, perhaps in a more neutral and benefit of the hindsight tone, I'm held against not talking about it at the moment.

[Actually that's not true. You hold it against me if I am silent and not telling you what's off/wrong at the moment only to bring it up later.]","[]","[]"
2024 Tue Oct 8 5:12 AM,Disengaged,"Jiffy","Homefs","Napping","0.0","0",,"0","0","rain","63.12","0","0","0","Mid day nap, need to prep.","[]","[]"
2024 Mon Oct 7 11:32 PM,Anxious,"By Myself","Schoolzo","Minerva Work","0.0","0",,"0","0","rain","65.68","0","0","0","Didn't do the readings, difficulty following the classes.","[]","[]"
2024 Mon Oct 7 9:49 AM,Disengaged,"By Myself;Jiffy","Outside","Resting","15.0","347",,"5948","0","clouds","66.27","0","0","0","Took a nap, waiting for food","[]","[]"
2024 Mon Oct 7 5:02 AM,Tired,"Friends","Homefs;Outside","Fitness","15.0","347",,"0","0","clouds","66.27","0","0","0","Volleyball","[]","[]"
2024 Mon Oct 7 12:55 AM,Pleasant,"Jiffy","Outside","Minerva Work","15.0","347",,"0","0","clouds","66.72","0","0","0","Hungry mostly. And volleyball soon","[]","[]"
2024 Sun Oct 6 6:37 PM,Mellow,"By Myself","Homefs","Fitness","15.0","347",,"0","0","clouds","59.97","0","0","0","A little bit of sunshine. A good workout, made some green tea. Ready to face the day!","[]","[]"
2024 Sun Oct 6 6:00 PM,Tired,"By Myself","Homefs","Waking Up","0.0","0",,"0","0","clouds","59.97","0","0","0","Duration of sleep? Also no sun outside? Not much to scroll on Instagram? 

But let's start the day early.","[]","[]"
2024 Sun Oct 6 9:50 AM,Calm,"By Myself;Jiffy","Homefs","Eating","43.0","360",,"6035","0","clear sky","63.99","0","0","0","Good dinner after arguable grocery shopping. Actually good on managing emotion's and not drama","[]","[]"
2024 Sun Oct 6 4:48 AM,Apathetic,"By Myself;Friends","Homefs","Fitness","43.0","360",,"4506","0","clear sky","72.57","0","0","0","Immediately after Gym and shower. 

Didn't go to football.","[]","[]"
2024 Sun Oct 6 2:54 AM,Meh,"Jiffy","Outside","Resting","12.0","360",,"2420","0","clear sky","74.59","0","0","0","Awkward confrontation on the group chat for volleyball. And idk, conversations not happening.","[]","[]"
2024 Sat Oct 5 10:23 AM,Tranquil,"By Myself","Homefs","Minerva Work","5.0","360",,"227","0","clear sky","62.24","0","0","0","Not a noisy night. Peaceful dinner, just getting some work done post dinner. Slow pace but progress","[]","[]"
2024 Sat Oct 5 4:58 AM,Supported,"Jiffy","Homefs","Minerva Work","5.0","0",,"138","0","clear sky","69.49","0","0","0","Just that word.","[]","[]"
2024 Sat Oct 5 2:38 AM,Motivated,"By Myself","Schoolzo","Minerva Work","5.0","0",,"104","0","clear sky","66.45","0","0","0","Uh, so I helped bubi with her NS144 assignment and also learnt about Genetics+ chatgpting deduction. And I loved being right at the same time having learnt something new. From that I switched to TA session learning- and i think 2 or 3 things are keeping me motivated. 

1) I'm doing the prep way early.
2) i am sincerely doing the prep, not just the bare minimum.
3) i am learning new things, as well as I have feedback and questions from my work- to ensure my efforts are meaningful and can be impactful. I am hopeful my engagement will be helpful to someone else too, and I'm looking for possible contribution or collaboration.

Motivation begets success/more motivation - I am looking forward to other tasks I have on board today -- grading, learning R, CS114 ASSIGNMENT, etc","[]","[]"
2024 Fri Oct 4 7:00 PM,Apathetic,"By Myself","Homefs","Waking Up","0.0","0",,"0","0","clear sky","53.53","0","0","0","A good sleep- both quantity, timing. Exhaustion. Incomplete blogspot from yesterday","[]","[]"
2024 Fri Oct 4 10:23 AM,At Ease,"Jiffy","Outside","Eating;Hanging Out;Walking, strolls And Runs;Talking (Conversations)","8.0","360",,"13886","0","clear sky","59.36","0","0","0","Dinner was smooth- choices were easy to make when communicated. Preferences were non conflicting and respected. Conversation was flowing and most of all- both of us were in appreciation and acknowledgement of other. 

Even when I was told ""look at me not the phone"", it lent gently.","[]","[]"
2024 Fri Oct 4 5:45 AM,Loved,"","","","0.0","0",,"0","0","","","0","0","0","My two humans- brownie and bubi- care about me (so much) in a way (actually more than just one way) that their love is obvious to me today. I feel deserving of their love. I want to be the best version of myself with their help, so that they get to be loved with how much I feel I owe them- love, respect, admiration, and nudge them to be best versions of themselves.","[]","[]"